Metabolite Name,L-Acetylcarnitine,Isovalerylcarnitine,Isobutyrylcarnitine,Hexanoylcarnitine,L-Octanoylcarnitine,Propionylcarnitine,Butyrylcarnitine,Dodecanoylcarnitine,Valerylcarnitine,Pivaloylcarnitine,3-hydroxyoctanoyl carnitine,O-decanoyl-L-carnitine,(±)-Hexanoylcarnitine,1-Methylhistidine,Betaine,Creatine,Glycine,Glutathione,L-Glutamic acid,L-Tyrosine,L-Phenylalanine,L-Alanine,L-Proline,L-Asparagine,L-Isoleucine,L-Histidine,L-Lysine,L-Serine,L-Aspartic acid,Ornithine,Taurine,Pyroglutamic acid,Sarcosine,Urea,5-Hydroxy-L-tryptophan,L-Arginine,L-Glutamine,L-Leucine,L-Methionine,N-Acetyl-L-alanine,L-Valine,Citrulline,L-Tryptophan,"N6,N6,N6-Trimethyl-L-lysine",Symmetric dimethylarginine,Methionine sulfoxide,5-methoxy-L-tryptophan,Oxidized glutathione,gamma-Glutamylleucine,N-Acetylleucine,N-acetyltryptophan,Alanylleucineine,Gamma-Glutamyl Glutamine,Leucyl-Aspartate,Leucyl-Serine,Tyrosyl-Alanine,Tyrosyl-Glutamate,N-Methyl-1H-indole-3-propanamide,N-gamma-L-Glutamyl-L-methionine,Pyroglutamine,Succinyl-leucyl-agmatine,"tert-Butyl 3-amino-1,4,6,7-tetrahydro-5H-pyrazolo[4,3-c]pyridine-5-carboxylate",L-2-Aminoadipic acid,S-Glutathionyl-L-cysteine,Phenacemide,Hippuric acid,Taurocholic acid,Glycocholic acid,Cholic acid,Taurodeoxycholic acid,Glyceric acid,Arabinonic acid,Gluconic acid,Citric acid,Fumaric acid,Succinic acid,Glutaric acid,"3,3'-Thiobispropanoic acid",Hydroxyisocaproic acid,3-Hydroxyisovaleric acid,2-Hydroxy-2-methylbutyric acid,Itaconic acid,Glycerophosphocholine,LysoPC(22:6),2-Hydroxybutyric acid,(R)-3-Hydroxybutyric acid,L-Malic acid,L-Lactic acid,2-Hydroxyglutarate,Allantoin,5-Hydroxyindoleacetic acid,Indolelactic acid,Tryptophan 2-C-mannoside,Oxoglutaric acid,Oxalacetic acid,Pyruvic acid,Ketoleucine,Pseudouridine,5'-Methylthioadenosine,3'-AMP,O-Phosphoethanolamine,Indoxyl sulfate,p-Cresol sulfate,Dihydrocaffeic acid 3-sulfate,Phenol sulphate,2-methoxyacetaminophen sulfate,2-hydroxy-3-(sulfooxy)benzoic acid,"2-(2,6-Dioxo-1,2,3,6-tetrahydropyrimidin-4-yl)ethane-1-sulfonic acid",L-Kynurenine,D-Phenyllactic acid,Hydroxyphenyllactic acid,Adenosine,Inosine,1-Methylguanosine,8-Hydroxy-deoxyguanosine,2-Methylguanosine,Succinyladenosine,Guanine,Hypoxanthine,Uric acid,Xanthine,Oxypurinol,Allopurinol,4-Pyridoxic acid,Nornicotine,Niacinamide,Uridine,Ribothymidine,Xanthosine,L-Carnitine,Choline,Acetylcholine,Phosphorylcholine,Kynurenic acid
153926,4669997.336,214255.4147,1031508.802,1339080.928,196005.1693,6991354.563,340650.6952,23202.78242,147512.5409,165238.7083,46917.31159,31887.06304,380727.2476,172020.8941,21394713.35,21725527.1,379170.4277,20742698.67,3593171.202,5610994.973,9495626.947,1512473.673,766464.0643,375270.6709,824806.2761,1313632.317,1354027.541,294793.8709,918153.815,763812.8462,2112805.013,12571243.78,751836.1227,1720363.081,59472.06233,83314.52818,2909711.843,2316733.009,1827451.612,77686.85538,1295157.848,79817.07828,2428946.85,69298.52469,314400.5534,41323.54972,22763481.75,2912332.233,155681.9919,184135.6717,37491.61475,3603.806903,2010763.945,149063.1952,83786.19838,80304162.54,122176.4527,133724.6655,172606.6283,1397546.452,72489.23482,68812.98184,207766.096,4450584.402,1484296.774,206818.0329,7178635.375,31310577.25,81466.38255,6943725.122,134536.9863,382638.5909,5446249.328,108857.1091,835072.0391,5965394.822,89666.66173,23669.8284,36540.56734,61358.7431,205561.8856,36853.47273,32378771.51,171003.5662,71598.30223,375948.8894,9918484.292,11792217.26,34992.99585,30260.87986,337275.0164,65532.87017,304843.8371,456055.752,73048.76515,10538900.15,476479.3797,158965.1864,293514.504,1869725.309,333591.0564,35023.82397,1189379.59,8306.636184,286023.2715,324743.3868,506367.2393,225091.4979,1028318.092,23491.02532,686203.0611,2362358.622,15890353.02,9048.052403,399486.1569,5945.202405,2559658.572,231488.3322,8378465.697,10132123.14,17531950.26,738025.1261,7551039.031,34589.14752,1100363.402,10846410.62,9422505.113,1369.539107,3771049.438,16892266.83,11850482.4,910816.7231,6111211.816,24690.23908
154500,4506430.567,627270.1204,91008.18769,1522988.973,144024.2702,6241560.135,1241321.175,31752.45163,11354.41537,187354.8445,124324.0481,41338.81687,418434.2931,77171.38418,12877150.13,11354923.71,154739.3403,22641464.35,6973184.615,4249245.244,7671517.39,1089657.809,593790.2927,314512.0944,571724.6204,1852067.462,854009.0109,297327.3082,1293053.482,670460.8777,2201228.763,9163736.44,300174.4917,1514472.844,133321.9107,324553.5006,13722407.74,1778218.639,916271.4709,41252.38452,818553.1645,95027.29229,3092714.749,94305.32789,457036.509,45013.46311,14829504.55,12053119.29,49126.62645,114777.0668,289256.0513,2531.959635,3660791.639,64868.75501,57126.70373,52494946.25,58950.68068,108569.2089,46567.97447,746610.3263,54671.00794,46072.25948,247221.9624,6991005.975,790144.2709,81641.50674,1864778.103,1958836.844,8258.103288,2987890.318,174784.0208,215559.7563,3165457.969,150821.2578,642433.9148,7352978.561,128263.0757,33027.32889,47125.9716,81461.22543,224774.9708,46923.87241,4565789.26,144736.0661,173754.4589,141850.7506,8586927.564,11328104.35,13197.45828,8261.91648,128504.5779,46411.63359,189477.5215,569423.9944,56951.29689,5390964.056,321820.7129,239036.3097,1443039.043,2283593.715,754262.1321,63061.3019,81454.87011,35348.29189,553256.0594,287501.9829,491711.137,319545.5082,479419.9474,18624.90187,336539.6348,6633937.614,21398363.68,27340.58823,1288858.971,10232.06579,2049972.138,822391.1664,7094189.915,5825667.97,11218030.2,429695.9208,11682731.22,29284.0452,253615.4147,6679695.921,8019489.847,1000.581639,3128215.792,12827578.63,11926012.89,3116140.683,24658643.03,10197.74706
155505,11890151.49,1279224.919,460716.2722,787358.0549,175831.9063,9758630.765,966547.1942,36597.55076,313068.3274,220690.7111,125496.8471,45895.85586,118938.6222,105013.6242,21809320.1,73288236.59,451576.1613,34519.54265,7347047.666,9368320.348,14439835.06,2689301.852,880497.347,736032.8169,1304418.814,1633052.672,1743600.097,1497493.891,1917450.737,973421.8075,965590.2168,14142173.25,2245967.414,1590262.11,154504.981,747165.0032,3279307.726,3515427.257,3084312.394,260356.4487,1564181.691,101507.9621,4822448.891,251509.2901,576647.2511,124139.5015,29617474.64,70111.29061,108333.75,98629.40677,104042.9757,9612.740533,258364.3733,123610.2344,182370.601,105205019.7,124330.897,362479.6105,58453.74323,397575.2926,80515.00228,72681.45854,279046.8036,1392388.25,2330142.367,104209.3797,5623511.802,18252098.32,127858.0424,4627474.08,108241.9583,1216552.663,3830253.298,103143.0585,1281431.826,1695178.084,151268.8349,45284.56212,84165.18758,116948.4998,254751.2952,39458.71795,12962747.41,203484.6477,207214.9067,213659.8566,13443970.34,17656819.3,24842.35262,22889.33747,225006.8746,123713.7442,309162.2971,1937859.745,127051.4471,17517959.93,2517241.218,243599.5788,1998520.396,8964730.109,4982532.233,7663.631421,22369.83545,37876.77568,433549.8316,464387.9407,947251.4046,381091.8448,833664.0439,142505.6559,4760865.014,2490094.307,16147529.2,13001.22181,153503.0842,15297.96761,666212.5255,129232.965,15868638.64,12849667.83,21770259.8,1409491.029,6771884.706,4777.07504,1482709.566,8840323.044,2491708.826,679.4539682,7569886.694,33056734.31,12221382.86,3153924.154,18560674.71,17973.59836
160418,14252919.56,824240.3058,91289.09917,1380861.077,222027.7536,5853900.292,2587755.736,105359.2295,192013.1642,486523.4072,142991.4456,85170.09112,66889.05324,136152.6784,4028118.309,22547491.26,342001.6818,56962287.15,12022721.59,6665835.846,11923459.51,1994851.506,995927.1342,583173.7621,1573127.529,2536042.836,1399237.346,1304938.096,4556434.182,1110138.768,3279442.159,15145547.54,1160690.766,1658738.762,136956.8668,272347.5715,3382023.667,3073223.778,1566395.926,81691.60706,1394528.996,48705.10898,4960575.436,218777.2284,412711.1575,108029.3037,30428292.57,8549725.436,66889.05324,472054.9494,1495431.535,12829.02069,243599.4205,67969.74732,169761.842,106135978.3,103888.0502,166553.5315,53452.14214,524790.9532,84536.87193,87061.30575,103579.8836,2691810.134,2212045.686,122555.7357,3737259.63,5034303.594,6021.91445,13291059.62,213394.8654,954831.2091,3668027.666,306256.0822,160922.1022,2753025.943,62205.34201,68911.13318,67874.76444,101399.4988,187179.5911,46516.28133,36061832.59,208476.863,217827.3996,157291.6456,3901263.399,15686949.94,19509.48309,11934.07091,40863.74474,103588.3265,257720.2083,294826.8525,35118.336,15958812.05,479980.1422,208073.7135,3156175.491,14112767.05,2442748.543,13278.60631,20469.86552,42288.48791,1807650.807,645946.8906,772464.0838,403972.7327,347215.1865,46372.75165,388142.2531,12356850.25,20855284.93,19482.04359,1235769.454,12991.54695,510226.912,595310.4631,9010497.93,4735846.285,17221451.1,266015.3796,9268429.211,21398.58699,2669863.157,4264942.284,6420134.406,2843.154141,1391372.515,24030668.07,10331182.08,2432194.89,38054362.29,11248.08346
161069,15546683.61,996065.5142,60001.99105,1634824.312,401456.0627,12009595.99,2797207.337,204450.4272,269765.4891,607324.0302,231535.1853,166082.1567,110075.7897,141164.2875,23104012.83,13910621.85,143866.8118,36158097.94,6859921.051,8271488.105,15740912.2,647172.0613,1001719.444,250677.3895,0,1546471.515,1494766.254,314996.9269,656937.9399,807024.0744,1277355.281,26598087.29,589577.7245,1444294.996,131052.1395,712395.1453,7093382.359,3516798.393,2356474.04,68685.77785,1608106.214,146030.9954,5016645.075,65350.22984,146964.2996,126328.8087,52205519.53,3863067.774,124684.0292,119625.1633,2240633.413,2835.080551,743884.0171,188600.4874,34478.1504,180722859,72191.75533,286321.4938,83318.3644,336422.3448,155299.1118,131330.7782,141164.2875,1109660.798,2003709.411,132692.3799,57862154.49,32914527.73,433053.1437,23724863.01,347703.1519,887612.8622,4973023.451,770952.6678,383006.3973,3364223.448,209103.422,25588.76616,75551.65041,115199.4944,188170.3559,47000.65791,30179540.67,387253.6077,81.23804289,176110.4426,6178473.731,14842782.88,361689.1886,19983.53056,90021.92318,75034.95157,113451.9162,1900450.799,47739.18557,16289539.63,1713303.02,144580.9924,1068186.934,3095323.632,444956.1536,3462.693803,46394.6865,48399.26158,241490.43,354980.2194,936658.6736,319514.6602,359795.5279,85715.19776,1561052.702,2444797.086,16864671.43,10312.33498,1311495.278,5721.560463,468329.3368,607107.6119,9833509.354,5462669.997,13040288.44,136297.5796,7482394.366,57475.30666,6749547.686,6106244.103,16017452.68,3216.517915,703386.731,18271661.31,17639990.22,3376938.026,16276554.53,11002.16851
165637,23660877.81,1420729.999,255641.6223,4456333.987,542054.5058,9638295.16,7628848.764,124817.7515,47649.44374,1290103.639,214191.3196,190463.1086,182158.6836,182185.6169,11512401.87,33694258.98,114740.2196,33011211.42,2377085.533,5583578.21,12057230.14,1350793.275,765151.76,256920.9526,1288532.532,1747497.899,1758370.31,554870.2535,341109.8662,756622.8911,2218583.238,9180429.568,1119750.706,2721382.503,84752.26778,640114.0534,2636991.59,2998570.741,1865764.341,65849.60103,1602212.467,490611.9598,4758436.023,126444.9699,373744.0118,107955.28,31368281.94,9270880.467,36853.69129,274038.2169,380611.9957,28347.26681,249402.0814,76609.44245,620362.9887,107944057.8,219369.2408,430034.5464,60489.88027,332019.8875,91833.47339,94360.7119,50084.66025,4838481.738,3007997.386,167428.7968,15467552.59,5288123.146,16828.80495,45169338.45,254519.4027,721228.0853,5150090.137,3099167.317,250165.1907,4746091.085,75139.33478,34831.4516,70035.48009,105746.7518,289173.5436,49209.32897,31637614.65,211816.7029,145641.6582,321628.1341,3670331.387,20756349.07,19340.33239,16579.6722,22974.07942,161882.4201,249963.1912,2308630.138,65979.7785,21894279.73,3131665.984,163603.905,3723749.039,20752533.52,1453992.588,3811.057723,36270.13711,24150.16555,1720833.962,453040.048,982009.4733,346541.409,343197.1946,75229.11235,3468331.861,3544418.349,16141782.12,10436.64218,349548.9575,8219.136268,354374.5017,213309.255,14615114.59,5126523.525,8814585.982,124020.9756,7034521.27,5929.808307,3189348.071,5763944.252,2968999.616,319.159251,551099.5956,33527432.43,6543437.978,4358476.439,44289518.29,1907.773301
165605,16629494.88,1142843.255,58805.53059,5100662.638,557377.6239,21856852.36,2105604.534,227114.4493,0,1135671.849,741403.8745,212472.8283,1448026.429,115692.71,16824716.49,22953945.52,141957.9851,41130006.44,12310515.51,4922674.794,9191543.042,2512781.039,813994.4414,266895.8329,949812.906,2462381.991,1158113.929,502615.9696,8995732.217,981008.5228,3595862.577,13105943.98,1245792.775,1552848.483,115288.3224,136175.0429,14002967.37,2043850.758,1232358.586,49225.72718,1250675.852,94321.91964,3167417.713,113196.6623,311219.1072,50731.72248,35996474.86,9375816.743,33466.56212,296129.9077,348809.2278,2420.349582,1173660.381,56592.35496,33109.98387,121668881.8,38038.33356,187896.8178,30819.11801,804392.7253,83845.69046,84277.96689,132706.8712,3131740.824,1340355.734,140718.5826,11252334.69,12210514.24,5454.252803,25763276.66,96335.88954,261059.1051,2413178.176,2766464.835,2674735.295,8416043.551,65447.04952,37369.00231,57275.63061,130700.8695,179886.7555,50857.22208,5930952.108,195773.4123,122093.19,120878.0351,20400658.49,10094351.8,12289.00129,23167.62604,145967.9964,46648.00507,247234.2277,916306.5027,208389.1109,11490186.33,745348.1479,183721.4658,2217558.152,6499684.458,729112.8811,8376.600817,34520.36042,21458.4409,755467.7988,288230.7663,577417.7201,234604.5846,578632.875,19526.14535,412535.1399,13796789.44,24205487.88,14312.93148,2663778.98,7366.627782,5475966.227,1369240.564,6750285.263,8692541.1,11304925,144326.5412,11129623.96,24950.5173,4019573.158,6415818.847,12546783.99,1036.666603,948279.0219,31141831.29,11248748.99,5954458.384,25271238.52,8717.24261
165579,12692210.63,182994.8259,41983.10898,1194206.397,333486.5998,4454966.096,2130535.428,88230.59198,48110.46281,114702.0818,303427.8829,84549.22495,21008.07027,121831.9434,10339207.67,9111692.516,90215.78856,16224440.18,1713181.705,3203682.819,6242545.709,800470.2372,642447.2684,289372.9553,910514.8695,914875.035,641301.96,106310.4147,482359.8273,698782.5889,401581.1546,5867230.317,373339.1733,1326167.467,63582.44412,153084.751,3423886.044,1859676.661,1010947.602,26580.49394,896036.9199,39867.43776,2379989.2,86463.40368,134796.8295,78454.90268,11683426.88,4292615.994,57161.10944,98162.06073,42762.65373,4176.840386,776043.4008,90996.98488,27852.20889,41229989.48,28478.15689,183572.8782,40830.30764,618301.2002,68680.86495,64865.72011,94541.27095,4106639.535,2157125.832,292135.3865,17779235.57,51354161.71,508487.7889,5661939.19,157152.5873,129472.1425,1739111.478,656787.5592,192095.0199,951507.0318,58206.55822,16722.22575,47624.89892,63689.79668,99116.1416,39452.89171,34374289.82,148267.0985,230560.2681,103223.6157,3016276.63,12458677.52,72074.85744,37814.52649,108455.8143,42300.21193,125514.962,780271.4401,83497.16986,16155239.07,1026686.856,133254.2558,1195973.585,3650317.367,233533.1082,39593.27583,116180.244,62322.29022,618763.642,283526.3698,825854.9888,256721.2612,373074.9209,21637.32143,233731.2975,2348543.705,10898431.93,16515.77851,484358.2365,5612.061539,623520.1862,253153.8531,5972600.984,7521450.693,8182907.623,74737.20093,5002629.312,10099.39856,1174552.621,4244389.92,6327575.824,1742.414633,309125.8264,19617441.72,7290560.11,2509902.861,2665811.81,7559.271826
152882,7760832.441,132888.2078,91403.12226,1026881.731,493012.9852,1445533.708,827939.6009,175282.0382,46343.47234,55405.7483,95186.62247,387261.2594,6796.70697,128769.9068,4728745.942,12323849.15,283221.2968,643673.3231,8356677.085,10138121.55,15502874.78,665951.4181,1318510.806,344618.2164,2395209.882,1052633.699,1767341.6,668720.4469,1533009.844,752395.4616,5018487.043,20997545.13,659406.4411,2349646.773,168608.6788,1328907.251,3548384.498,4546241.773,2938770.412,121834.7484,2057770.675,213305.8377,7342933.54,274788.3455,421446.1781,214040.889,29089905.83,179662.1382,117935.4524,69667.29299,54940.04801,7420.997092,1019606.738,112062.5941,49396.95588,97922926.35,108827.8651,500464.1899,130471.6008,166481.5613,106398.6717,115239.4253,166982.5038,2404224.816,3264181.455,120633.7496,2574945.022,9732129.192,205044.0628,1946727.914,271188.6081,474787.7414,6668324.728,1567649.491,174277.6359,2282409.72,108301.7496,61704.03009,88269.08515,164732.0386,588544.4777,66635.4186,12513996.18,215125.8448,63889.04552,249288.1079,3426043.773,21378160.72,25527.92792,33777.11634,135853.5858,312019.1959,275996.649,1513349.739,95753.01472,26461845.8,3453482.331,435140.284,1972177.806,908090.3972,848430.4138,16765.21053,58252.81333,7921.939569,759217.3416,458702.2015,1713323.962,199946.5326,542679.2921,766945.4491,1444954.729,1502978.468,6808034.815,37507.75328,637581.4598,35242.18429,176729.485,386556.4157,8037735.317,13788756.33,14779816.9,249595.2183,3419247.066,12558.8041,3547377.579,5171035.355,2539444.475,2027.935976,1201053.641,9214572.543,9448681.338,660589.5715,4984251.778,9402.111309
165621,14469010.76,927893.4144,605476.6262,1461771.412,234862.115,4764517.48,2801516.891,59283.58718,155430.8714,331335.1118,305976.0524,81881.84384,38348.79176,127638.6605,3105127.648,19817840.42,170159.6768,35194419.46,4889955.641,6253960.607,12050335.35,1200367.59,909067.9964,402739.8641,1466288.737,1235090.889,1352682.472,536631.0451,819981.698,1136892.391,2632456.494,6201724.726,839078.5433,2344161.988,98844.1077,237828.427,2593293.421,3491717.592,2398959.963,115556.2707,1344874.33,206071.4397,5153898.8,178360.657,459720.1973,98942.98477,23112029.66,4709068.772,82882.24711,120053.8176,20795.20427,12848.20238,358594.162,93500.86857,271349.6913,75557589.11,163224.7107,387346.062,86478.65806,240213.1092,94774.63784,75152.38701,156055.154,4451901.44,2630129.975,268736.5705,13057007.48,6306805.844,73006.17303,2506630.58,504234.265,732756.6151,12501744.89,993224.8461,261384.434,548845.271,98173.29466,78316.45314,107589.8812,203008.1893,615693.9231,42096.42647,11789442.26,164130.1145,208805.0997,293335.2979,5619125.539,16588857.52,24796.81732,38562.05602,63168.87427,298511.8032,179510.3453,1562839.284,75701.05779,19907249.43,2755374.259,300469.9569,2531834.538,7324464.125,2577589.416,1364.891274,32916.36939,39874.60061,673449.7627,518891.336,734346.4032,304095.4493,417358.1599,129827.5274,2519814.189,1310470.112,12065716.41,38329.4041,390583.8012,18160.42126,347562.5834,234067.2209,12068042.93,7813033.161,20283370.04,433992.7723,5195892.918,9474.749511,2998689.394,6045847.939,2165221.697,1005.444055,2359865.992,24492431.06,9534463.505,2669874.678,44855290.5,13429.83218
166107,9652556.163,1022939.113,76621.69421,2341108.724,251528.4843,10544566.97,1078430.598,39079.03883,143270.7195,908599.0079,95775.14297,55175.51897,615343.2968,109428.8129,7589497.298,22147291.5,267761.2247,2656482.037,15151742.55,6028923.712,9927018.707,1479707.1,914720.8443,498198.9952,1221405.1,2144025.088,1217024.527,748147.6508,1772686.341,831286.1386,1917477.645,15056162.91,800953.4266,1296012.512,208083.1938,1163780.846,10895486.43,2616591.361,1880506.727,71345.06619,1229020.74,57268.79206,4366293.859,191173.1018,531730.8604,90859.90079,24343186.2,3578707.068,122436.7279,148993.0637,119672.0276,3025.37205,5316913.647,125345.5875,39219.24863,78284463.96,103160.8424,284823.3751,147392.0977,194927.1699,87933.26803,89220.82846,206878.5744,13048622.76,1688718.443,369422.0852,364209.7697,95170.85848,1943.189358,1818323.644,223841.9855,353447.1863,3331068.912,258611.4379,354177.8571,2034819.426,96290.5621,116666.4034,70201.66514,125387.058,268412.904,54693.67121,6349924.168,169456.3809,101109.0398,188453.8216,5857807.514,14370517.24,25749.23378,34211.19151,88035.9569,47833.26487,182183.8763,3106733.23,60896.47382,14324109.77,1574082.119,200282.7893,2722439.888,2039361.433,687561.2184,7431.119467,51851.95425,16977.23467,302556.9528,311285.5067,1121342.696,204607.5705,515063.6671,30153.00641,262903.2513,2906292.458,22060333.66,23796.1705,1653705.488,11749.9763,275482.6377,742480.0152,11015750.89,7500631.931,11186174.92,140298.6666,8702881.608,10746.78505,1279977.25,4020861.639,10509206.65,11769.72416,731835.919,17664855.13,6588280.83,2829868.242,10364071.53,6420.029069
155695,7534182.349,258711.8779,80750.48707,524136.098,136901.421,1900705.909,585559.0875,32711.70525,29632.12318,113620.725,76272.78149,42591.32833,38587.53434,102538.6145,3894001.662,19738569.94,237124.4461,28775371.98,2709897.298,4225534.373,7394792.325,997997.0911,613555.2881,278342.9487,964519.7066,1533736.434,1095193.227,1023632.166,725422.0343,1083183.121,861996.2708,9849940.365,698454.6097,1538947.775,90975.84636,359363.2787,2064298.166,2033940.84,1031086.47,46512.48293,919353.4968,170372.0594,3171875.499,102619.5674,319072.3611,59591.43087,19636130.34,4659680.884,43579.62794,114156.1921,177725.2783,7125.539011,331282.7522,57339.92919,155323.2583,60959197.06,76070.39931,148619.3488,48158.52461,344252.0764,63666.05862,59011.26864,223160.0762,2200414.485,1881479.603,128750.9775,4476693.669,19005372.57,166184.4349,5119594.372,96146.71088,333863.1249,2739074.061,394680.9674,234712.7253,2380014.356,159257.905,30183.6146,64657.73127,91908.49088,347152.8876,37103.3984,17775900.87,136881.1828,272372.6746,188384.0728,4130282.849,14743204.01,34541.57739,9920.099518,54000.62334,157895.1984,352903.9143,530106.3721,35062.71149,14147188.51,530106.3721,181907.8433,1944049.424,11056138.12,1775060.31,11436.2793,17561.71307,85498.03554,465242.8856,389636.2788,738812.9881,263585.9153,347726.3037,74240.52717,2150310.589,2683418.963,11183976.19,12837.77585,198132.1475,6872.561295,168736.1368,143333.8011,8135426.055,5127521.007,10375459.41,382957.667,5183344.757,10382.20548,2288942.378,4519193.925,5349746.569,2657.95254,1877094.655,10542424.7,5676482.652,869400.0853,29407816.27,6260.355221
152194,6970159.431,249560.1988,92379.21646,1276996.242,381275.8548,4181706.189,2222973.2,259177.1045,139445.1315,196981.7896,83288.09493,220260.0939,19039.07639,92001.73044,4663600.042,19329850.06,239224.2722,10090261.1,7959412.464,6789845.774,9471056.461,1966222.791,756155.4188,460008.6522,1281055.715,996083.7324,1428287.173,652436.6423,2087108.193,542216.7177,2459650.939,12611028.82,777711.0686,1274449.709,92933.4618,1312932.311,5363896.519,2465642.781,1678649.753,75972.05645,1297959.277,30814.54292,3833671.47,531521.2806,279818.9985,48906.90835,22280662.65,4495528.888,142186.399,326724.3709,716234.7747,3693.97029,3442312.947,127317.6443,56357.76327,78099160.18,136835.6845,255147.591,189686.7226,391941.3327,66945.34722,58197.25861,686724.9553,15817990.75,1686104.201,57400.55272,406651.3036,482927.446,3440.814986,405437.9557,46790.29034,587844.5908,3340451.641,1120474.332,304939.794,1807438.991,175501.0378,35336.8853,48824.52053,61416.37546,174662.18,40218.73817,5537510.126,174422.5063,52428.6132,102834.9799,5354009.98,11876728.65,43046.88736,6670.417559,172580.0151,68993.05905,157795.1461,701689.5795,59481.01066,12691619.09,2142832.32,152597.2236,2475679.115,4773400.538,1094065.321,24371.81534,160341.6788,8135.422808,717702.7759,498461.2951,636977.6912,164775.6415,665139.3463,104678.9691,1829309.213,5384268.78,18327545.21,11922.26664,1597125.354,10111.23255,593731.5751,742119.53,8008695.36,3984275.011,4533277.489,62090.45763,8316076.83,5377.677754,1310865.126,6927317.764,3738204.065,1989.291381,334344.7562,11361280.48,8967090.41,1590234.736,16898491.01,4111.901235
152743,7191990.203,149154.6432,39373.48081,1492382.683,440820.3807,1264039.724,2274834.794,271549.257,26620.65428,42370.04661,149779.5085,325487.4414,9540.229244,133052.1672,11243161.33,16045851.29,285626.1475,19963400.08,13567706.59,8945854.882,15256131.68,775808.5617,1258418.259,569068.751,1994923.028,962966.1634,1625985.264,583679.9129,3546168.484,261328.4125,10952564.13,20023795.98,951630.3176,1679726.119,275173.011,2908294.866,7160166.21,3772420.816,2828342.763,129012.6107,1820219.553,263349.3522,5085058.227,224105.9548,391435.1181,90928.35002,38574396.6,5508802.935,128085.7659,78523.73695,87021.19989,6518.111337,3409813.126,126610.7122,75399.63502,135344888.5,107374.6181,669140.1111,220600.6697,185589.6312,98045.77452,101532.4763,108001.8063,7695008.485,5030049.283,78530.85254,451807.7887,571089.6907,15521.74624,747910.3019,67318.19905,746957.905,3995885.645,4876681.164,217355.5516,2555211.144,69910.5769,52864.99565,72774.7363,77216.15785,294546.1573,95996.95976,4109244.104,251014.6511,23809.92202,87992.18012,3969172.074,16208401.16,39645.26236,6525.080094,301073.5603,105455.8868,213624.9433,2018198.678,98863.44208,36209664.83,5245151.603,232408.0681,3184489.961,11980688.18,1994876.569,89448.65048,278564.4731,2796.794743,777806.2723,649697.2772,1015812.576,109871.7563,816552.5649,179378.1452,390343.346,2134995.057,13695002.56,13168.62907,542308.7215,13475.25441,208656.2191,350180.0727,5614495.759,3178450.371,2287099.807,45048.37247,6161310.944,5398.464272,2631867.478,6996864.988,3792261.892,5214.953653,215011.7261,8088869.314,9905624.438,2237296.419,11415521.93,2097.596057
154044,14825891.01,826828.9193,79125.99752,2263297.619,359007.8848,7194862.175,3831113.089,69136.88678,72369.88523,538899.3101,183247.6234,105641.7512,110740.6289,111048.6281,6534948.971,24882855.69,226290.02,28061711.12,10326717.64,6896170.121,13492971.01,1041593.807,989810.193,409142.2122,1357978.571,883997.5519,1269979.178,690534.2893,2897776.047,450930.7538,6945680.857,13935276.44,1196646.584,1960484.691,167994.7064,1137928.02,3382229.04,3306520.841,2145333.389,120240.915,1425320.78,23608.63829,5246422.326,125981.6234,310840.7783,120503.2111,15944226.31,5884573.809,100149.4293,159315.931,728388.389,22414.39608,949750.4213,107956.7132,306787.1109,56759291.64,157210.7589,230125.1073,112199.1543,134635.4084,81584.03014,65643.57931,192451.8329,3950692.797,3525299.653,102375.678,856853.8772,429271.4526,2348.742568,7349457.921,295083.1399,676485.5499,4090229.867,598477.1401,233284.5833,3230216.514,60463.23085,99650.66925,112540.9341,100046.1005,233960.1946,59974.40626,21687120.47,203418.5928,162961.4027,198291.8958,4970511.557,19489198.17,23403.96783,13373.12816,265892.7606,128010.4442,439405.6211,389549.4865,60926.22325,24085540.33,945100.6263,201570.5974,3270355.769,6428639.557,1656717.96,19753.68009,221421.645,28554.5099,189707.659,552113.4709,914797.4756,307840.2696,934886.9742,45357.3586,301938.6068,3895097.447,22958859.25,11972.2284,730196.6426,16886.30655,535064.2228,432271.9613,14893452.13,4341199.568,11824587.48,155366.7377,10422098.05,9130.687057,1112831.05,7602812.132,10188674.53,4135.138143,738582.1702,15356245.83,9222291.991,2161161.098,35960401.23,5919.546625
154435,14669326.1,108071.4401,22618.66191,979568.2812,276223.0682,2041349.425,1990928.236,42860.03564,15752.06545,95982.50445,172383.768,75554.83557,4185.566175,204317.1878,8641462.822,8844203.996,686376.1542,16030495.71,16591203.63,5748826.637,9845863,2243236.676,1887068.686,924368.2164,982706.9496,2550826.179,1413674.586,738903.2885,3288514.499,439798.3152,5400939.576,13425805.93,559087.9637,1705147.416,201662.4818,1561396.404,11259719.75,2271990.928,1560749.084,145117.8519,1215947.975,126617.9329,3649236.081,975943.6255,1249271.019,148019.6015,8327595.983,12883930.02,79701.92775,116074.0586,320933.9057,4076.219018,2980924.996,90658.91787,82751.49846,32443706.46,136768.994,169682.4883,99400.61558,144530.6172,89840.83914,75818.07873,1301312.166,23547049.36,2221569.739,49361.61835,359995.1401,233820.6707,9675.198445,385306.982,882877.0452,1513911.388,3980641.503,3567320.152,201194.7189,2744006.156,123193.747,298153.248,109320.8327,110576.3,654240.2398,72401.99255,9534869.593,213915.4382,91790.86344,191317.0258,5493682.164,19077838.98,15294.42734,7196.662887,438623.8458,146357.1197,882978.2926,908674.8745,167485.4204,18228576.06,598959.1771,282601.6524,3856512.231,11254454.88,3864409.525,69696.66289,449558.5615,13488.17431,604224.0402,620079.3779,1119512.393,239288.0285,1242730.439,90800.66418,291126.6807,3527053.297,13347237.97,17467.19585,1377207.193,21079.70193,446116.151,1345597.764,11726875.1,5720476.268,2371618.338,43327.79848,6462011.988,3833.225336,405293.2124,6827717.479,2948558.454,5121.091852,188109.5092,11705208.16,11066337.28,1871537.34,13352097.85,6625.627734
154691,10655735.61,772143.182,40659.28731,1704623.852,343575.7687,6813864.146,2285288.301,54281.58585,59184.33573,334568.7624,150662.9412,113480.2945,57794.9571,173768.1482,11761010.27,13481258.77,240138.9251,10060698.28,13436888.35,5327950.482,9952532.133,916414.9815,772845.8563,311939.4576,925134.5302,1789264.16,975872.6323,628142.8703,1514630.317,395717.3921,4996972.113,12949647.64,635105.7333,1797568.492,145174.0971,902760.7433,8056000.583,2448180.968,1525023.582,82117.06809,1095026.928,35085.80291,3506272.735,105460.2261,348159.1212,92751.40407,14351961.87,1383916.936,190680.2398,200403.1819,2199051.006,21351.71529,2716794.17,217062.4639,307691.4723,50039988.55,208885.8908,193219.449,134675.505,633892.0232,66710.93514,55939.25828,271918.9651,7191737.926,2239933.872,92191.88274,559839.7392,93570.65837,3376.030376,4228821.398,179948.4876,774347.024,2299022.388,812645.456,308154.5986,3676423.618,132883.6857,88934.6053,72715.60601,81709.83642,357884.7716,108262.9381,11596680.31,163419.6728,132677.6744,157127.5443,5720886.289,14081112.88,31245.04934,9546.787884,182327.9981,120000.7921,369319.1981,3226712.098,82612.13403,16242954.09,1022295.215,195567.0198,3764896.694,5315571.006,1311988.645,64045.56395,72156.66059,16704.48332,974433.5168,313025.4087,598071.6063,187614.0249,735683.9703,30802.68396,127112.1749,5323875.338,18755014.54,8545.477077,1314719.492,11937.47732,578444.6369,704383.0265,10672503.97,5675052.764,9306281.652,83107.19998,9102506.12,10022.68999,1275497.493,6336844.149,9296216.751,4988.987178,415184.6628,17910208.45,8571028.868,3637457.137,18723074.8,8705.175771
155083,13568653.86,67747.32023,81690.29685,3089316.668,860553.7159,1235313.722,2514108.155,522375.8055,82273.27846,23836.66022,184270.7677,285369.4937,7909.117055,132215.3689,5223515.146,35687669.23,263677.72,98854.24683,12319129.96,10462281.38,16434072.16,1138927.43,1237451.321,397763.4883,2289417.329,1088888.176,1609112.577,651967.7572,1102563.953,790790.251,8642702.236,26251175.68,1737576.662,1905451.072,174505.8259,173580.3426,3571491.034,3952129.437,2843461.543,64358.73967,1998950.537,63858.34713,6348449.473,353311.1412,349011.6519,66148.979,48229582.04,93658.42331,248010.0895,75050.05072,42922.02038,4957.772699,1728807.647,230311.7397,46546.22267,165394309.3,194468.0876,590657.5255,238563.3584,381537.167,99923.04643,93308.63435,1227249.143,832236.7239,3559588.493,50123.8528,836287.1068,132846.9324,12886.32247,2224754.953,63984.65981,749932.9571,3020330.512,1078864.819,257702.1586,1202375.261,125379.9097,56665.81163,192787.1573,96422.72773,330089.0407,50656.24296,10105986.06,223026.8988,58128.12381,173388.4445,3965975.25,18580595.26,62609.79487,10568.97061,92754.80183,80315.43191,250803.543,1598001.15,38408.77115,27456004.32,4436489.984,338712.3102,2612486.3,4018686.504,2893289.104,26387.20472,36895.44808,6507.532122,542512.9616,428467.1859,1412855.91,179186.6824,406241.0124,171811.9651,436993.2918,5161330.442,22146256.48,35561.87767,4720207.697,31359.55196,197910.1081,2327019.643,7165329.696,6439760.511,5124165.365,158845.4827,10813094.16,5132.66718,2341254.11,7281926.016,11110513.99,8045.146095,704994.792,12385687.02,9245116.557,1020096.347,5722936.051,4518.107409
155024,4103457.787,65021.56415,44052.93247,542175.472,345230.1848,617916.4264,263910.1326,132174.469,37972.34272,22253.70477,60693.06186,342299.5913,15583.86199,86115.56882,5330545.874,5422373.001,102606.8178,12683.04456,6139515.057,4208211.211,7051009.549,325907.0735,774648.3288,131914.3201,847521.3761,478940.4729,674199.5298,196788.571,520360.5727,207868.4085,7608102.856,9474593.165,318682.4553,1504804.92,68169.99323,1272128.332,1402970.713,1745818.811,1083914.441,49921.95532,830331.791,232786.2892,2902707.296,113330.9095,146756.9143,130066.6357,17310874.85,75817.74529,70726.03495,23599.91496,22755.19671,7726.110178,661264.1358,59712.01825,118761.1269,60149256.54,90364.14583,1090306.161,97380.33149,119044.7832,71120.95986,72768.04744,89622.87806,506774.7076,1886549.986,50597.36919,761358.7924,3238384.193,259631.7795,751344.6253,63147.23803,215798.2498,1172676.212,4609889.704,73738.12091,1009707.003,91186.90605,19940.57321,47586.88348,78138.71267,354304.0546,44132.85775,1153823.249,152232.5794,38661.89414,146561.019,1053336.802,10429778.59,23519.97192,10072.15215,105380.6951,72446.77917,153389.1452,4108472.706,34482.27226,15280616.08,9483996.139,233820.6163,148762.8821,1743468.068,418808.4552,130988.1272,263267.5961,4997.6806,691055.8913,221455.7057,946424.9893,131546.037,337221.9854,101650.8488,294892.9315,1294773.827,3947681.854,4549.47218,477388.9822,14543.26622,81498.70866,269959.3792,2329743.487,7086551.24,2086049.748,37908.08906,2081975.126,4583.949751,8653243.399,2234616.735,1292883.476,1486.296733,141143.3389,3549152.479,4774986.836,611428.3744,2929496.502,2192.460069
157272,1109447.338,15577.80794,11949.42002,379466.689,200313.929,370223.0653,68601.14578,46646.65416,13637.00113,0,46928.21281,166211.6868,3614.221439,102742.3459,3715865.883,1162710.156,47068.10674,12177.8544,1350330.504,4361964.185,6871511.237,116214.6617,860365.325,108265.4995,962788.9252,403726.7741,501038.7401,153738.1072,292891.8305,111977.1155,883580.6327,16603460.59,69116.45124,1345868.065,28449.81952,1649774.328,1181784.891,1734507.545,32368.68921,45334.4846,810616.116,217402.2372,1501123.819,71370.69127,240529.0044,569651.5898,39653.7289,69513.11249,24206.96084,22839.2057,8597.278337,5101.70111,166581.7859,30001.04832,41405.05913,1221610.388,32257.05915,657111.8528,9859.865249,125143.0814,74862.72688,86585.48333,40406.32278,75855.80996,1135212.61,72798.3297,445181.4159,954111.9605,16449.04603,1028255.739,44836.88723,611956.2199,1014549.676,1553403.42,18848.4924,388674.8964,32942.36229,4210.984117,44220.64565,88999.09618,386302.0122,25515.58879,612629.1274,158763.6636,39736.95693,167500.8358,195479.6201,8817921.155,189954.6956,41420.99641,127060.8677,34387.34254,39556.3344,618224.8843,7821.663937,13217496.44,7204005.712,168437.5939,37879.37815,174417.6163,49226.72307,24546.95619,505211.8454,5082.22221,376845.8914,313185.3031,1122569.033,142381.9083,302525.0322,110795.9858,170426.2125,544506.1001,2034482.612,6339.496694,308652.0318,15354.68599,208123.1973,178603.8091,989953.1373,2225729.998,708890.3118,15519.37124,1222548.917,4430.564449,70706.63784,1190054.569,1221888.187,2590.693761,39644.87485,1959046.143,2269646.065,160476.036,579922.2827,2567.673242
160345,9662531.914,74444.52141,33171.20879,1642397.464,884964.1446,1444648.406,1892552.497,2392903.794,29027.3847,36572.85544,327630.112,1230530.212,4547.898483,89947.78369,11063598.01,12075206.46,240156.2531,334392.1732,8022732.071,7604507.931,11192886.27,529399.2981,806087.1745,340948.074,1935433.86,718860.7081,1077031.846,592752.3898,1771082.787,473839.0695,7264474.11,23516717.13,755969.5806,1808439.052,76877.21416,602606.8571,3981369.697,2865629.597,1759174.29,42829.82366,1215008.26,34913.2642,4679999.305,124481.7127,100620.7077,200767.2466,19524008.62,132794.1002,154517.2218,41035.33417,288583.3317,3583.067799,2256219.447,113289.2645,34439.09527,64466357.92,133076.5399,491692.5604,192364.1485,413743.3122,91215.67017,87504.78292,193108.3876,2137386.48,1546697.805,54110.02404,652641.9868,285119.8369,5514.790772,1225994.683,274502.5762,1648046.259,2257868.73,1606071.413,160660.8018,1576384.903,69688.40092,31330.1964,91382.6601,130944.8414,207170.5887,72110.78565,3443084.885,175147.6933,122211.8867,202119.6588,2529381.981,13495672.28,21368.52574,9978.16349,22611.67297,87482.10528,117517.6143,1021483.563,92873.19981,12655774.8,3548020.53,182476.6956,1320024.442,2868928.164,1827756.282,7747.507933,38081.94958,20201.65786,788810.9328,330536.9736,1292275.252,240197.4852,201014.639,163812.9944,299406.7528,4856726.767,8957875.657,16863.92094,1289801.327,16694.86941,206964.4283,588155.0128,4497595.345,5229877.095,3336912.278,49929.98793,3952301.08,5535.406812,3093436.842,4356581.63,5054576.289,2925.416114,224879.7673,7937587.824,5574577.289,1760424.295,7514958.999,3801.597826
161896,5164221.256,51823.05638,14976.12862,533432.7472,255215.8371,708210.7614,668180.2289,88583.32982,15999.02646,28916.17286,59823.5115,131902.9592,7450.388513,103932.4488,5758180.169,15477888.06,301670.0927,292816.2808,13106467.28,6726418.037,10149571.26,661718.8301,914203.172,336181.1211,1543954.09,917537.4799,1157362.568,338780.751,637417.9421,395671.2018,7699613.898,19531132.26,851812.055,1483070.005,90892.85607,1342294.396,2570996.269,3004644.672,2303459.907,88176.43123,1398656.947,75118.00059,4354281.349,169622.0816,298693.7048,63883.07844,30890384.53,73592.13088,269758.6941,93712.37522,274788.4127,4690.63651,1425840.472,245005.6966,43253.69675,100338177.9,186323.7617,445064.1694,245420.1303,328645.9621,80223.07085,81690.54307,232308.9536,1348985.667,2153171.699,322558.4441,357072.3496,105810.5872,188944.1132,184119.7276,70732.53802,884062.5358,3151015.137,567586.3691,142467.2522,1339487.549,65531.39449,60635.42489,80761.83472,87567.96713,259774.6083,54247.49381,3233336.749,155079.2247,83885.15815,103777.978,2713599.154,12585787.79,64617.75645,18917.0168,61283.44857,209157.1774,319641.447,2181240.167,45874.04831,16987827.7,2857709.071,266273.683,1136923.636,1404986.919,1015249.655,38178.76713,50715.388,10204.48915,149996.7599,311710.6921,1077019.121,142623.6067,302442.4465,818431.3004,760429.4136,1538472.262,12677716.73,21701.25807,1411900.427,18299.13376,140626.7896,673473.6782,9644250.071,5589015.848,5219604.675,129205.3723,5471467.367,5817.142788,2161460.374,5175147.237,3272118.44,3070.577314,578700.2152,7344519.528,7930189.765,1089452.134,6668239.003,3166.650592
166140,3444524.07,33265.02697,21152.30707,305972.8623,104975.2711,431104.9416,385449.3051,17263.48648,15833.17205,0,40410.06052,28465.70907,8485.442505,111438.6577,4729845.48,9268276.389,309503.6956,18705243.42,13172623.75,7491687.237,12924232.97,751184.7907,1216486.507,572469.0464,1543268.401,966483.8916,1664363.268,419874.93,2025325.229,500969.6714,4947416.738,9963978.961,428375.0843,1626798.763,264992.3106,1948823.84,4609208.675,3972187.495,3103558.364,182361.0029,1885407.458,26827.79472,6076847.786,522726.7972,654953.2361,183521.6009,13974907.54,3768020.327,234244.6371,92070.70444,112012.4181,9178.53201,3071171.138,231367.6618,231040.7327,45876313.6,205948.9311,168286.7089,306790.1848,256443.117,68588.07206,64295.49413,461525.6862,9495499.592,2135663.771,88185.08933,272233.7882,27050.10645,1441.756943,279426.2265,125065.0589,474684.5789,7881931.549,1238266.89,260709.5406,2379552.813,65854.94552,102881.2908,155088.5847,137731.9234,730686.3417,42937.22178,5917251.652,136996.3332,299140.0459,248792.9781,6442463.109,15112783.97,21451.44712,21153.94172,178127.2722,202548.8693,273884.7798,812631.0985,120643.344,17518491.1,579873.9885,524181.6313,1356591.935,2889235.143,1141309.181,3192.461802,28303.87921,63680.86759,141364.1048,300235.2581,654037.8348,231416.7011,667294.8063,88816.80467,657176.3534,1680415.121,12938052.18,74490.77537,1114762.545,65990.62106,250983.4025,595288.6914,14374578.26,3751673.877,9937497.711,219794.3747,5569235.718,4305.655087,1786013.192,5514311.644,7513068.705,17359.93053,1112310.577,4363521.522,8248909.365,1149596.831,8354834.365,4714.316352
168874,4027352.627,53890.32661,54693.56996,1143654.231,466301.0206,1074027.637,1359671.926,438552.6139,58618.50906,45985.68182,68571.4244,486801.9815,7185.376882,96900.35693,5118120.586,3744033.716,107203.7785,13972600.64,3987920.68,6458375.12,9882451.198,161537.7145,856640.7779,136063.9469,1644640.76,594892.9788,975073.4088,211818.9227,645844.1649,167401.3909,9032106.367,20371346.7,213279.3651,997591.7304,65665.14391,1962652.105,2606524.673,2668958.588,1878898.426,40906.99318,1260714.525,112401.128,3876308.586,192960.9595,231443.6182,25451.8609,35176582.1,3374534.849,204096.8332,32063.45353,8903.22232,4173.214317,917522.9728,231900.0064,30194.64777,110338253.1,136295.7922,439940.0342,167111.128,237431.4322,70953.77115,83904.24463,94025.11085,3566373.364,2608532.781,61946.11788,303370.4091,74586.62176,1725.147651,428676.3718,76607.50901,219029.8573,1626056.63,1654444.795,38491.78647,835007.974,49888.71428,17012.32906,56546.50633,62291.52184,221786.4424,23308.66159,969697.2795,139373.6746,35853.86229,57486.66616,589525.8528,9313971.761,18518.41034,27522.03808,41438.22913,78809.12601,95459.99556,882727.9313,12448.44638,21829963.61,3149261.6,157599.9965,1216895.421,2942791.548,353755.6738,5739.538851,45832.33536,5033.049813,146641.2014,237048.0661,883220.8306,79449.89514,170028.3618,74031.65363,160150.2941,2472711.633,5207572.686,6907.892815,783819.4659,8979.895549,145905.5035,390284.9907,3126807.298,3814493.139,1701780.571,34785.91374,2650520.502,4531.022719,2014132.702,2330135.938,2674808.948,2550.297638,119708.817,4462929.589,6768603.116,648874.583,6931259.894,1102.634054
153657,12659022.54,533311.2415,43218.27445,1988752.569,401099.8897,4843812.295,3158445.217,172711.2922,47328.13657,453217.4719,239197.2112,175332.5429,27976.18739,130628.893,3734796.746,25968670.92,222951.9295,34658758.47,12947360.11,6317803.127,10589513.62,1699120.554,921369.6002,551514.3709,1540227.46,1377353.948,1344156.342,1064357.205,6587429.388,546110.064,8572460.429,13280032.41,1632133.038,1192944.111,139442.4438,1793938.633,3936244.712,3216695.231,1979720.536,93178.98805,1465072.636,262189.7863,4462967.24,192095.6025,354936.7534,68550.55842,23013609.79,6943239.892,44172.92746,128659.4028,131827.8725,8679.252122,703093.8524,52685.51982,102052.4069,70255989.4,79600.26251,141088.0067,71319.05216,287075.4868,58285.61147,55839.11087,141835.5486,7728711.763,1710446.946,34048.87235,297253.0588,133816.4633,2533.875619,196933.5898,14649.87858,346895.0154,1786333.77,1617053.306,317753.8277,2741472.198,75205.62255,24136.54062,58709.54213,81988.5131,177160.9461,41588.89211,766554.0068,122685.8564,89171.06346,121257.113,5937941.729,12106294.63,11884.62096,13771.2742,217434.3587,278046.7346,252157.8394,385695.9971,112919.2707,14560885.5,423461.423,215330.886,3251968.85,4777795.612,2050400.501,1820.312945,16606.10823,14675.76748,216851.8586,283758.4721,690667.1827,157995.0733,795371.5833,62644.6542,169782.6109,12097880.74,19038046.32,14038.25343,2275310.278,13614.32277,846049.0957,1158835.492,8389458.301,4699319.899,9183600.162,82216.65899,7879770.676,4604.987237,1812869.888,4937821.346,5138763.605,1631.000399,413380.9344,14450048.67,4152255.182,1327695.811,9425499.526,6491.640476
153392,7215363.261,384048.2261,63203.60298,1210417.651,378139.7919,3815725.09,2062126.77,94100.13714,45665.53935,225103.0231,107350.4251,217738.2847,44750.14813,92662.55684,16722741.31,21621605.86,196517.8518,5413290.815,6717515.262,7087593.029,10378933.1,768616.5609,809185.0355,291448.0823,1349994.008,810724.5571,1074401.083,420892.7228,660225.9186,224000.3928,5471126.897,16245489.62,1035203.45,1123746.746,120382.2674,1876385.569,4239717.66,2889723.652,2006901.631,91222.8961,1335372.461,63663.37903,4947552.097,97994.7107,188866.0134,108706.8684,24769654.28,4484584.812,95138.274,60089.10954,205413.7901,4718.42566,1910317.458,89015.55499,35517.1794,75929621.39,94071.01106,586245.6644,123084.7519,358958.1849,77512.83212,88046.07247,196823.6757,9311698.396,1970005.126,96343.31073,587889.2077,1210292.825,197092.0517,10076584.96,136104.1116,447501.4813,4369952.866,1038589.104,143185.911,1893757.198,83772.85982,57846.4839,75702.85402,93220.11331,505836.8673,63773.64206,5707672.31,158393.8878,342855.6212,165082.4851,2800889.095,15823369.44,32346.59707,17673.29188,108898.2684,175669.8167,219402.6323,1666594.545,95188.20444,17200617.14,4326887.87,202220.323,1611005.333,1023906.69,1124162.833,100306.0735,27544.95403,104258.8993,1654756.872,293237.2561,1412739.916,336572.7087,412612.5931,142597.148,405435.0938,2816492.354,14451322.82,11671.23807,1131277.919,9884.144758,155705.9664,507542.8237,8613207.265,8412861.413,9308072.419,123993.9018,5595120.798,12366.10323,3513437.943,3452689.253,8201854.158,3811.356177,565690.9706,8167162.087,7038526.32,1709097.824,5016551.938,9228.807861
152732,19016754.04,794993.0835,81985.40107,2129134.335,394101.3554,11099661.89,2866427.804,117312.0365,124712.8006,328757.9332,227848.5428,161085.8214,60556.76603,117625.5811,28603053.37,22292187.92,461763.8939,758518.0216,16277042.75,6292534.669,11999126.08,1529206.766,865104.6088,895086.145,1145457.946,2001490.171,1510091.768,1532230.893,4349363.56,794158.2016,7934346.373,13197627.3,995791.4532,1657722.917,240334.6652,497014.4624,10242145.43,2725425.53,1791590.221,107966.9253,1383156.616,100599.5565,1994996.525,146178.5415,331132.7084,81964.99285,18300981.97,160959.6615,253618.5636,186462.6904,1444883.695,14599.30122,3409472.087,279555.5608,402394.5155,66408360.4,275752.21,141035.6691,171130.3781,592024.0209,75291.50365,76328.61248,827720.4533,8240480.542,2283865.778,139248.6159,2903348.136,5879980.349,4499.085712,5027658.709,191781.6454,431058.7935,1974217.363,486441.1911,669630.9303,3364945.054,136738.8104,57979.76395,114504.9781,102004.0134,445919.691,76373.13951,19202283.35,212672.2454,375696.8481,220037.7589,9461623.634,17902093.96,45104.02999,3647.506189,593155.7496,53193.10781,279073.1846,688703.3431,120612.6029,16619158.8,431207.2169,208572.0477,2679414.262,3443052.892,2445276.275,16215.26149,264434.9223,90957.59839,119790.7081,529389.3266,1060188.676,603267.0969,1846740.176,30844.2474,265269.8041,7442879.237,28202310.06,10781.10807,2169950.783,15408.209,1648446.452,1333881.511,16823055.5,2933589.413,7293157.085,92243.31649,15192623.95,3463.832175,1387981.857,11149198.22,11939920.77,2081.638832,436587.5669,24276509.91,5634525.075,4887584.082,3818749.74,3129.879421
153840,21153171.33,1018181.419,142958.4466,3893068.105,887157.4992,12923282.74,3816124.221,147522.078,205427.3767,1042306.343,213194.8709,279885.6625,119272.1584,137289.0897,17896123.93,27798861.67,274749.9781,2027224.61,11028379.68,6588830.503,10241509.5,1559000.058,782104.4244,612663.3915,1244626.722,1447641.606,1086759.792,333070.1524,795464.5144,513769.4827,10442070.94,16529044.95,1032948.797,1424814.311,98714.79954,541238.9976,5044119.367,2688466.825,1690846.053,97243.54476,1275589.83,44667.66091,4219881.824,123802.8921,269815.3347,64927.11349,27495101.91,476905.8689,253128.9294,204773.3404,957229.4353,3816.124221,1707313.507,288036.9623,52221.32058,95287963.86,172290.3325,262431.6461,125725.5753,461425.7099,76353.55441,69178.21739,284491.3296,8484510.749,1997799.515,172884.7808,2239414.276,178612.159,2686.639179,19780609.41,142192.6631,532612.5099,2348524.724,517354.6585,339814.165,2537686.054,75333.7281,46857.18045,65932.31862,97629.178,307976.5769,129375.3838,6477907.419,195283.943,160412.4631,118614.2059,5526252.303,14618424.13,133478.4484,15461.88262,69128.87095,88266.14908,252726.8474,2384529.345,54456.53127,15506659.94,1671272.334,177118.9724,3749597.918,4786421.324,1657491.885,75277.07109,1461677.925,27875.25222,308506.5941,339850.7179,874437.0851,350542.4452,396379.7994,83018.97827,421272.3338,4533292.394,19223177.47,7418.413896,1351982.63,10141.60599,199085.4461,715870.5442,9626392.666,8903558.792,11161066.76,148245.8257,8837032.488,9299.061321,1858167.383,4643499.43,8658119.316,2478.287569,760483.3757,21337763.55,7113379.829,5546904.699,5117956.253,4971.196304
154051,12036405.06,1073669.935,61495.02721,2467372.548,324594.022,6121248.249,2566909.544,34494.46286,77044.22028,739787.0241,139004.6153,55310.43724,215324.9301,147778.2752,6051443.083,48480293.87,167323.7216,35748370.47,8486129.086,6437111.057,12219716.49,2138845.061,796960.7791,352571.4894,1344211.12,1839606.195,1414431.477,790608.1397,1196013.645,555080.3387,1435530.312,11901965.48,1738831.912,1528843.938,143929.7575,1455862.452,5970188.393,3137539.076,1809424.821,78597.29289,1483776.098,47842.39249,5058802.64,164027.3666,394934.7303,50782.33493,28060568.72,3195894.718,88161.33931,96948.62666,16991.46383,9791.190219,916756.0468,125734.2469,208695.286,97328345.77,115228.3848,201160.7602,67193.93574,548081.3552,104552.6264,72977.79235,152605.5425,1690012.053,1837907.234,139720.4942,989903.7354,2065161.83,25669.09544,7586602.727,150005.3924,481027.7684,6116816.175,351480.9723,536354.8259,4220811.838,71515.20792,70344.4017,56665.91321,121263.3923,295305.3994,38102.9098,17915920.6,191687.2019,227143.7942,142417.3123,8517338.274,15145320.32,76663.80059,18178.89033,118678.0157,70761.75534,245887.774,819749.0264,38186.01119,13015893.42,1210731.824,296191.8143,1755673.793,1874582.646,1451374.977,43299.51661,129122.9369,45004.01841,822537.5397,489910.3835,726952.4763,329672.4402,500251.8895,34956.13724,379865.6786,1854453.643,16613075.5,26814.0479,1296566.325,16489.1621,902795.0136,657682.8526,10595981,9212619.888,22433681.4,453327.3057,7752805.503,4422.840546,2782603.814,5717929.512,7527196.685,2057.22103,2327762.216,20941549.81,6704804.664,1378264.223,24034768.14,12276.84507
154404,12961005.4,121287.161,42756.37512,1080181.662,304172.2131,1285056.639,2037493.801,129937.9453,33180.64365,55790.46277,221041.161,145515.2298,1213.52413,98279.30467,8747683.554,18829260.28,231008.4045,7384406.076,12167214.78,5078728.635,9614956.154,770707.7232,874752.0424,313535.8756,1094276.094,528133.4012,825936.2782,256799.2587,1559995.954,112502.6101,14869789.63,14825092.01,803464.2289,1239005.037,158461.2273,1574253.517,2947596.116,2536671.626,1912264.692,101129.1859,1158950.922,92090.15217,4132544.885,158033.8266,137146.6604,227484.7963,9458114.739,2790501.918,128970.5844,64289.32428,462734.581,11342.42946,3201752.669,100732.78,85721.55665,34913084.33,134874.2594,182672.9831,293878.7096,254156.5526,76984.31342,73723.34456,402947.433,5760615.844,1718085.245,38905.52557,457808.0547,1014554.459,10342.44251,326015.3212,162353.5093,943282.9588,4521800.694,1155698.521,245869.5482,2665544.332,77982.66907,51589.86506,72938.68922,67119.84183,186914.3633,198447.6548,7906422.102,171465.9515,332948.3465,154745.1257,4513644.194,13775024.14,39746.62647,9003.145147,81057.66972,113729.3477,603678.9079,861897.3978,255249.5237,15402082.84,1065124.762,192526.0355,2033252.421,9350938.324,1225351.056,27484.14376,188219.4033,91134.21032,372556.3125,287663.4563,866122.465,379554.5898,334563.3336,131703.012,243275.7811,4133714.405,11317470.57,6614.921828,1965227.207,9070.02845,357107.9007,796971.6545,7060919.27,5066328.661,3363414.507,46756.32292,4605486.388,4278.900112,554788.8445,4893900.243,2994330.199,2016.2869,236179.6257,8319467.283,8778025.735,1365430.794,8944418.344,5045.61115
156236,16614515.81,752966.9891,68938.86506,1759624.015,212530.3348,5309830.125,1737600.146,52774.17639,28901.13361,410765.932,212447.2258,53991.72235,352589.6745,117923.2738,11672442.74,20801855.81,324311.858,6937518.7,11469033.61,6730193.062,10447893.19,1132089.193,810125.1621,308687.3774,1377946.212,1035475.051,1045430.212,524791.3966,1921354.011,411223.0311,6808492.071,25967388.05,1030987.168,1347112.795,98234.76613,711828.0642,3117208.537,2684418.736,1857410.878,70006.81493,1314517.069,60920.93016,3941163.028,75313.3207,232351.8168,61708.38735,31793324.69,1071897.543,191981.6495,144451.3771,173797.4136,7010.239021,2894892.125,183419.3511,46405.95392,112240700.1,162234.8825,242511.8846,257803.9294,390279.5785,97204.21529,92685.16672,507421.6283,4207920.848,1721144.576,118790.233,3609421.229,5481450.085,5896.579236,41585635.45,273345.301,1183408.962,2118031.315,359495.1267,463519.3311,1435062.83,68525.39809,36013.18108,66362.48795,107087.9459,178430.737,303139.8557,18081180.81,204418.9023,94827.29962,199980.8849,6017087.198,14164256.51,41163.85758,20706.5922,106925.8834,110782.1382,385812.473,810187.4938,86782.35431,13883140.52,1192197.733,151141.9168,2795576.942,4288421.263,1139319.67,18892.7396,63237.59184,12690.73502,692754.5627,349867.8568,1034103.753,201239.9854,480805.9905,89749.34344,408916.7581,6518234.101,19389731.06,12106.89472,1197142.715,4774.608557,387516.2062,623005.3855,8373641.169,10784215.95,9914896.446,171426.7312,9399621.023,22169.30953,1913645.657,6355548.353,10188589.46,2568.066221,832065.922,15380971.38,13279561.85,2921902.53,8560428.51,10243.17676
158127,10997405.54,403343.8018,67556.00437,1383730.515,191367.8548,3275902.837,1372675.303,48763.77574,54573.88605,215878.7473,210963.5051,46175.51693,246905.1936,101864.7221,8098555.67,8965057.914,262908.308,23312291.96,9916542.125,6633935.761,15063734.36,750203.1416,1135127.032,394166.5055,1476532.249,803878.8937,1462303.554,579198.4334,1666283.463,443351.5878,9374069.207,24233287.52,407279.2615,1360656.637,133172.0394,1351446.682,2522286.786,3584371.032,3827940.798,120513.2493,1622530.343,60950.63725,4790265.734,175772.9831,450781.6052,72663.93721,28052806.36,3934969.875,242496.1723,278017.9082,370341.4607,18550.54894,1180899.205,257029.6129,193915.2893,98107256.14,238789.3285,213184.3454,308696.8109,257062.2724,64985.70824,56459.96739,107531.131,8978519.284,2017372.197,71133.13037,2478359.87,3938399.114,9520.220098,3083865.464,211551.3746,623925.5052,2403406.508,841579.6159,307455.753,1726703.385,73942.55339,74060.12729,81604.45265,84581.35853,85848.54391,124687.1228,13229513.4,156641.0965,130507.0309,80717.74948,5484332.624,10713921.8,45476.60541,20418.6676,162224.2239,236960.4011,604084.9093,1028657.332,80846.75418,15699871.71,1331001.886,208530.3785,3165840.601,8733781.333,1370764.727,31664.93789,77185.63351,20975.51066,474606.65,443694.5117,492797.9453,215878.7473,692902.1942,87510.90825,341290.9092,4936470.902,17688340.33,19660.96912,1124071.819,16721.62158,635323.6418,627371.0737,7440141.82,6732575.548,10751316.83,148005.9466,7894434.313,46595.19044,1367090.542,5939604.899,5691524.6,4975.662202,914463.6801,8072264.839,15302569.9,1202797.344,7816704.9,8853.967989
159184,10053191.49,404558.0349,37623.24857,826024.9092,195225.7395,3245978.204,708138.7303,34989.62117,42596.4366,125172.9805,78355.82079,42442.91645,88306.52136,129300.7265,24442138.04,21695234.93,334565.8191,1601626.016,10775384.88,8773223.268,14258361.53,1003913.683,785612.3508,466506.6597,2042682.927,1954679.121,1288366.552,561105.3451,1445900.363,543353.2261,7487675.143,28299602.14,955998.0972,1086555.094,118534.8556,1172050.683,10572997.75,3362307.559,2338473.398,71492.82131,1444821.316,48095.05276,5113810.309,66796.40201,191588.8255,153496.3674,36682667.36,190877.4433,190019.0278,164497.2971,172219.3392,4054.229372,5127573.084,166794.2398,42321.83013,123136135.6,169888.4276,461230.7559,200430.2889,360210.1713,89716.31206,83822.00311,233047.9156,3192716.814,1161801.591,101863.8339,19987891.37,19516303.41,21334.97665,22878827.19,312770.282,1541428.819,2734604.74,664751.8806,582381.9408,1706041.342,80219.68518,27214.1498,60796.14254,89660.09341,334457.7063,102307.1268,15067462.38,201773.0496,106382.9787,52002.24875,7583895.52,12870394.4,25276.76873,19447.32745,169624.6324,96992.30237,287212.42,1162969.209,95736.03183,9032390.59,3343928.386,141789.9152,3351280.055,5777979.588,1980885.66,45420.3425,66201.7817,16134.75177,904709.3928,282541.9478,1039915.24,162770.282,653282.3041,84972.32313,308791.7315,5755059.678,16909271.75,12407.02301,1275449.749,7745.199792,461728.0747,661585.3659,7885313.96,9432624.113,12794066.77,118757.5679,8167055.873,62820.01384,2714279.536,7474917.834,10121186.18,2631.465144,538509.7734,16480496.45,13143271.06,4415109.843,9448192.354,16130.42726
160606,23746621.67,3828178.252,492449.7004,5329807.239,532623.2286,23049505.94,5630550.114,195952.0813,301785.5696,3974155.477,578948.6541,226935.0026,899696.3674,99630.94574,22365796.28,20808705.29,353130.8242,32159676.44,4931200.04,4324606.611,8276891.688,1095439.91,564425.4098,410672.6631,622786.5086,1632859.533,975703.1038,334570.8627,1061894.939,663704.8186,3695458.142,11775297.56,664956.0519,1083851.106,77002.98628,283836.3291,5254733.237,1864933.53,1136228.574,66500.07388,793862.1106,125577.6527,2586300.035,151652.4622,131863.6108,59892.3701,20594705.26,6983967.53,100232.7294,259139.4682,1286238.101,3722.419242,5040682.959,86886.24025,107425.8317,69912663.91,129508.6109,122786.2107,187372.1954,583953.5876,57604.40053,53521.50691,312123.1404,6297585.098,978687.921,349177.1892,42716213.12,35910397.39,83932.43578,39920302.39,162943.3537,456819.341,6163366.986,306446.8851,1017878.337,5636508.368,124561.7704,38053.8793,60010.04562,179060.431,158996.0104,54354.17292,22933319.99,133785.1477,481724.8431,273632.819,11047496.82,10601074.63,43468.4427,15987.48528,46036.45022,225222.0045,373895.3397,895853.2935,91292.36914,6993351.78,336641.356,142110.3183,1286372.162,4237212.395,765784.6067,12646.3943,21828.06385,157372.3861,583834.4225,247550.5617,511113.9314,349094.107,289124.2796,27516.70694,782616.6745,5708901.155,20320625.57,10172.22929,1461976.806,7925.967501,2024763.696,889135.362,7827954.222,6118829.036,13755076.43,324352.4569,10276796.65,35777.82624,1675312.093,5928015.949,9962263.006,1225.910779,1732511.333,22242162.51,11218051.84,5588097.553,18142883.7,11046.60308
163709,6857583.968,371186.6971,335254.3119,965016.6424,216471.1303,5143144.995,796701.7853,50609.64707,48362.58356,238460.3747,55944.48876,57493.53561,150159.5467,143019.4895,5470490.744,8985905.836,143255.0271,31871509.92,2881467.829,5681177.712,9265784.084,824777.1848,560115.3963,303981.102,31.72021566,1338799.411,1113867.473,214717.4924,1187212.885,575691.8274,1886364.262,15086100.18,398832.2834,2057601.849,82709.81762,91737.6145,3335178.665,2111242.538,1352687.447,57302.69854,1123460.864,66168.88565,3476258.764,73730.15982,254621.3517,78786.48255,30341374.85,6925494.457,65503.53478,157091.1376,177598.8227,1206.571672,940190.6308,88985.09064,21502.69579,102825076.3,52414.8626,147768.0659,74938.7946,554854.4824,82145.90268,67858.91123,566665.7497,2992801.504,1613948.642,220462.2773,5672159.107,20349077.11,115361.8683,5614220.284,113235.1525,714865.3481,1442092.124,831918.3063,527845.0197,2619797.541,100620.9941,30944.83261,47886.35051,85080.66735,127802.3822,71029.21354,19410365.03,202545.182,2210.959206,184303.9089,7492847.908,10819086.46,48137.36143,31838.84411,38026.43523,115231.2051,243429.0155,467464.8585,62702.87184,12515989.05,420099.4416,229176.4091,1151452.425,7857845.295,271332.4898,20142.76676,261670.2886,3842.53019,619704.7011,239268.4235,427113.9933,96976.17803,244718.4551,32593.59613,735479.1902,3859550.794,12633929.8,9497.152917,661293.4283,5719.954337,1207310.951,331437.5705,4723131.516,7330378.511,9008197.398,114543.504,5558516.491,23246.01821,2079608.285,6611730.806,6997420.631,1659.422881,590253.8993,11306322.72,9049115.616,537232.1404,15143523.23,12902.99288
152573,3609176.137,576648.0602,20070.55609,587444.1933,134994.9127,2111653.16,157328.8124,18843.57717,32036.00334,68476.95714,48050.80141,30403.76897,118389.0504,104214.7207,17222555.4,18417521.36,287058.6079,19453863.03,12613695.78,5960551.337,9736838.508,1747563.982,678987.0728,378313.1635,1085700.153,2371465.147,1032258.633,609004.4235,696190.4066,496830.3578,2344394.725,15332271.02,729187.4901,1276682.787,136596.7128,812256.8467,6211140.328,2558074.867,1799416.455,85994.24377,1150595.307,44206.48101,3622671.319,67400.54743,258738.781,85633.83873,18866002.37,3224904.276,236585.8847,263201.2937,1410609.299,8358.193272,1705756.998,287394.986,177383.3505,60610516.52,214913.5284,225597.5355,165962.5153,193032.9381,63067.67798,52846.59111,264649.4236,9258473.29,2194145.869,78561.0752,3763589.673,14197235.42,72566.35297,16458496.72,254381.8845,430868.2269,1773352.965,288178.0503,265866.7917,2340870.764,61698.13884,40536.75683,55555.2352,87466.29812,358723.1474,72535.91877,5497538.354,132598.6196,129281.2915,79433.27029,5037341.165,13142930.55,22575.77156,12314.63968,124956.431,179017.1867,221112.4951,3959970.373,46058.162,16432867.91,1139552.675,151456.613,1768067.024,1055522.238,1522414.951,15007.26577,24236.83833,23192.46462,349945.2825,358450.8414,781053.7795,174067.6242,498736.5,41603.55574,141997.983,2666997.278,18994146.38,7808.775815,1735550.481,7387.502371,453773.9693,966189.8428,9762010.938,4497374.329,11009172.55,92113.12041,8835369.542,43740.35716,1743879.842,4637692.024,10851290.46,4720.505092,437723.9317,9932923.016,7806693.474,1729623.82,18705822.35,7469.194179
165776,10974806.7,777291.6397,46886.1598,1321425.747,189701.7022,4455982.734,1977307.698,58817.41421,25270.59156,451185.6656,98347.0906,59146.96549,165674.4177,89134.63428,5244958.465,13201703.81,296131.787,36091857.33,10239907.34,4512190.429,7094627.317,951159.9007,573958.4981,440430.3101,844849.6527,1685355.22,822312.2336,373052.0523,2481670.957,632573.6877,5084526.908,18758957.8,646010.3922,1099772.55,103726.2663,187934.1089,6048015.023,1878442.313,1129503.54,80540.8356,874471.944,276283.812,3082689.148,1484988.04,196397.585,57154.67819,21017882.05,12645332.12,148477.8326,122146.3096,100796.2558,7524.254974,5306075.248,178047.5704,68056.83382,66767089.93,125888.5901,166003.969,199797.9551,266412.2531,66729.64092,68978.07945,428326.7902,3804984.224,2047861.632,69881.71361,2370372.501,2402578.649,8358.618904,7689779.596,313957.5154,1580497.994,5554586.875,477697.8628,86110.25228,3057636.722,60895.08525,89546.57339,59316.23501,98938.78495,107023.2771,353114.1997,11621326.4,124008.6498,147878.6484,221997.7279,1859568.012,9211257.951,37822.00156,22592.23841,107122.1425,155443.3483,375298.9929,876456.6167,94269.64245,17171119.8,748740.5149,135271.8139,5586793.023,10936608.71,860937.7472,10280.50207,29333.06011,30126.97911,443920.5578,203602.7745,489578.3901,184129.2896,473355.4792,40957.23263,288881.6587,5853130.378,13749928.1,7301.058878,882044.0089,7416.401827,334943.9403,482178.4658,5721609.457,3979781.13,7346746.67,61957.13916,5712022.51,9509.052474,1160544.802,4575370.176,5026906.747,2802.683866,336337.0435,12268145.69,7810515.203,1305831.979,8026970.477,11347.04986
167403,1402710.435,40524.24056,16420.81836,349939.6153,274215.8961,539034.0546,110456.1135,60532.26694,15034.51193,15604.35487,57873.62266,435528.1566,9431.367743,67278.83368,4374712.276,1654410.727,59271.13912,9842.401994,3888944.524,4483857.176,6349051.411,132635.1481,804786.3818,72143.98455,1124739.18,379478.0313,576130.5881,167914.9652,382934.4557,155077.6182,968153.8135,8103166.608,93048.81293,1251225.629,34844.49453,1724512.887,1862265.412,1711397.158,32757.21069,55930.55165,820377.1211,201145.2162,1878354.515,47541.71624,115052.2238,635365.5365,49578.20412,59706.46176,83720.20375,30448.58855,12551.49138,3469.502753,491727.7488,100279.2791,51388.62317,993002.7024,76783.06658,478612.0195,11479.06565,137774.9445,114600.0861,96161.46322,50103.20696,31919.76342,1373919.354,43362.29772,599007.6886,2078525.478,339009.8409,919857.2889,74647.55681,665427.087,1436658.127,2348216.588,24299.59763,555736.9919,45290.36954,5526.54235,49165.30153,79897.58521,163103.9961,30622.05176,3528915.886,150204.994,79535.12773,127663.502,308126.2219,9312728.311,283819.1509,128171.6898,60806.91255,32314.76555,28252.9998,1091183.838,8142.214862,15061789.66,3105737.44,180845.7291,39810.53563,65935.49901,55459.7306,2750.192812,16394.66164,14926.14835,29433.78911,251123.2445,1271683.925,180716.8138,153851.9888,98476.3334,440647.4014,96886.37818,2042840.232,7239.807845,76816.69666,8525.224051,306239.201,98016.72237,1656318.568,3246049.587,1387091.133,39939.45092,1373751.203,5307.946861,75688.2208,1159546.308,874875.4997,2014.067834,87724.05103,3121805.143,3320222.586,208300.9488,741636.574,1390.043106
